"","actual","expected","game"
"1",16.01,0.135108193612754,"Honor_of_Kings"
"2",55.52,0.530459582571873,"Honor_of_Kings"
"3",21.52,0.251430925153709,"Honor_of_Kings"
"4",5.57,0.0707648506573258,"Honor_of_Kings"
"5",1.38,0.0122364480043386,"Honor_of_Kings"
"6",16.01,0.135108193612754,"League_of_Legends"
"7",55.52,0.530459582571873,"League_of_Legends"
"8",21.52,0.251430925153709,"League_of_Legends"
"9",5.57,0.0707648506573258,"League_of_Legends"
"10",1.38,0.0122364480043386,"League_of_Legends"
