"","actual","expected","game"
"1",12.9,0.115279303417611,"Honor_of_Kings"
"2",29.73,0.300903025726405,"Honor_of_Kings"
"3",40.88,0.370129746182165,"Honor_of_Kings"
"4",13.17,0.173070612532873,"Honor_of_Kings"
"5",3.32,0.0406173121409458,"Honor_of_Kings"
