"","actual","expected","game"
"1",13.77,0.131691997431362,"Honor_of_Kings"
"2",50.43,0.460737232793182,"Honor_of_Kings"
"3",28.2,0.303555115971547,"Honor_of_Kings"
"4",6.23,0.0888789786471491,"Honor_of_Kings"
"5",1.36,0.0151366751567595,"Honor_of_Kings"
"6",13.77,0.131691997431362,"League_of_Legends"
"7",50.43,0.460737232793182,"League_of_Legends"
"8",28.2,0.303555115971547,"League_of_Legends"
"9",6.23,0.0888789786471491,"League_of_Legends"
"10",1.36,0.0151366751567595,"League_of_Legends"
"11",13.77,0.131691997431362,"Mobile_League"
"12",50.43,0.460737232793182,"Mobile_League"
"13",28.2,0.303555115971547,"Mobile_League"
"14",6.23,0.0888789786471491,"Mobile_League"
"15",1.36,0.0151366751567595,"Mobile_League"
